{
  "vector-only": {
    "1": {
      "MAP": 0.024462022194760086,
      "MRR": 0.4
    },
    "3": {
      "MAP": 0.09850180052354361,
      "MRR": 0.5444444444444444
    },
    "5": {
      "MAP": 0.12899618276509175,
      "MRR": 0.5744444444444443
    },
    "10": {
      "MAP": 0.1796338174159954,
      "MRR": 0.5818518518518517
    },
    "20": {
      "MAP": 0.2291913052882561,
      "MRR": 0.5818518518518517
    },
    "50": {
      "MAP": 0.2616602652015819,
      "MRR": 0.5818518518518517
    },
    "100": {
      "MAP": 0.2831385606708857,
      "MRR": 0.582790818988002
    }
  },
  "hybrid": {
    "1": {
      "MAP": 0.04319218092491881,
      "MRR": 0.5333333333333333
    },
    "3": {
      "MAP": 0.18795227354209174,
      "MRR": 0.7222222222222221
    },
    "5": {
      "MAP": 0.23896075462168243,
      "MRR": 0.7222222222222221
    },
    "10": {
      "MAP": 0.3242878173711043,
      "MRR": 0.7222222222222221
    },
    "20": {
      "MAP": 0.3696320064813048,
      "MRR": 0.7222222222222221
    },
    "50": {
      "MAP": 0.41865688374535304,
      "MRR": 0.7243055555555554
    },
    "100": {
      "MAP": 0.44530538359922406,
      "MRR": 0.7243055555555554
    }
  }
}